,pvalues,standard error,RMSE,Spearman Corr
D-Homoserine,0.16180546484231495,1.0159668511130884,0.44338657743214516,-0.22258527757739457
