,pvalues,standard error,RMSE,Spearman Corr
Propionylglycinemethylester,0.09803626225790864,0.4607995594464414,0.4018649715059882,0.32494840722209
