,f1,acc,prec,recall
Propionylglycinemethylester,0.2222222222222222,0.6111111111111112,0.3333333333333333,0.16666666666666666
