,f1,acc,prec,recall
D-Homoserine,0.28571428571428575,0.7222222222222222,0.5,0.2
