,pvalues,standard error,RMSE,Spearman Corr
Propionylglycine methyl ester,0.1067711713018748,0.8449845960929901,0.4176234911303292,0.32494840722209
